<?xml version="1.0" encoding="UTF-8"?>
<!DOCTYPE stock[
<!ELEMENT stock (new-car|used-car)*>
<!ELEMENT new-car (model,price)>
<!ELEMENT used-car (model,price,mileage,condition?)>
<!ELEMENT model (#PCDATA)>
<!ELEMENT price (#PCDATA)>
<!ELEMENT mileage (#PCDATA)>
<!ELEMENT condition (#PCDATA)>
]>

<stock>
    <new-car>
        <model>307</model>
        <price>10,650</price>
    </new-car>
    <used-car>
        <model>207</model>
        <price>9,675</price>
        <mileage>500</mileage>
        <condition>Good</condition>
    </used-car>
    <used-car>
        <model>206</model>
        <price>11,675</price>
        <mileage>400</mileage>
    </used-car>
</stock>